{
    "name": "root",
    "gauges": {
        "MoveToBall.Policy.Entropy.mean": {
            "value": 0.7550950646400452,
            "min": 0.7550950646400452,
            "max": 0.8007864356040955,
            "count": 4
        },
        "MoveToBall.Policy.Entropy.sum": {
            "value": 37845.36328125,
            "min": 30814.26171875,
            "max": 38841.29296875,
            "count": 4
        },
        "MoveToBall.Environment.EpisodeLength.mean": {
            "value": 50.718134715025904,
            "min": 46.37027379400261,
            "max": 53.05117270788912,
            "count": 4
        },
        "MoveToBall.Environment.EpisodeLength.sum": {
            "value": 48943.0,
            "min": 35566.0,
            "max": 49762.0,
            "count": 4
        },
        "MoveToBall.Step.mean": {
            "value": 499992.0,
            "min": 349949.0,
            "max": 499992.0,
            "count": 4
        },
        "MoveToBall.Step.sum": {
            "value": 499992.0,
            "min": 349949.0,
            "max": 499992.0,
            "count": 4
        },
        "MoveToBall.Policy.ExtrinsicValueEstimate.mean": {
            "value": 0.5967916250228882,
            "min": 0.5360351800918579,
            "max": 0.5967916250228882,
            "count": 4
        },
        "MoveToBall.Policy.ExtrinsicValueEstimate.sum": {
            "value": 797.910400390625,
            "min": 562.3009033203125,
            "max": 797.910400390625,
            "count": 4
        },
        "MoveToBall.Environment.CumulativeReward.mean": {
            "value": 0.843167701863354,
            "min": 0.7828947368421053,
            "max": 0.843167701863354,
            "count": 4
        },
        "MoveToBall.Environment.CumulativeReward.sum": {
            "value": 814.5,
            "min": 601.0,
            "max": 814.5,
            "count": 4
        },
        "MoveToBall.Policy.ExtrinsicReward.mean": {
            "value": 0.843167701863354,
            "min": 0.7828947368421053,
            "max": 0.843167701863354,
            "count": 4
        },
        "MoveToBall.Policy.ExtrinsicReward.sum": {
            "value": 814.5,
            "min": 601.0,
            "max": 814.5,
            "count": 4
        },
        "MoveToBall.Losses.PolicyLoss.mean": {
            "value": 0.028214330966584385,
            "min": 0.02224180140842994,
            "max": 0.028214330966584385,
            "count": 4
        },
        "MoveToBall.Losses.PolicyLoss.sum": {
            "value": 0.14107165483292192,
            "min": 0.0738850832140694,
            "max": 0.14107165483292192,
            "count": 4
        },
        "MoveToBall.Losses.ValueLoss.mean": {
            "value": 0.04662123337388039,
            "min": 0.04662123337388039,
            "max": 0.06619560753305753,
            "count": 4
        },
        "MoveToBall.Losses.ValueLoss.sum": {
            "value": 0.23310616686940194,
            "min": 0.19082428055504957,
            "max": 0.33097803766528766,
            "count": 4
        },
        "MoveToBall.Policy.LearningRate.mean": {
            "value": 1.4224775258440004e-05,
            "min": 1.4224775258440004e-05,
            "max": 0.00010044786651740001,
            "count": 4
        },
        "MoveToBall.Policy.LearningRate.sum": {
            "value": 7.112387629220002e-05,
            "min": 7.112387629220002e-05,
            "max": 0.0003791007736331998,
            "count": 4
        },
        "MoveToBall.Policy.Epsilon.mean": {
            "value": 0.10474155999999998,
            "min": 0.10474155999999998,
            "max": 0.13348260000000003,
            "count": 4
        },
        "MoveToBall.Policy.Epsilon.sum": {
            "value": 0.5237078,
            "min": 0.40044780000000013,
            "max": 0.6263668000000001,
            "count": 4
        },
        "MoveToBall.Policy.Beta.mean": {
            "value": 0.0002466038440000001,
            "min": 0.0002466038440000001,
            "max": 0.0016807817400000004,
            "count": 4
        },
        "MoveToBall.Policy.Beta.sum": {
            "value": 0.0012330192200000006,
            "min": 0.0012330192200000006,
            "max": 0.006355703320000001,
            "count": 4
        },
        "MoveToBall.IsTraining.mean": {
            "value": 1.0,
            "min": 1.0,
            "max": 1.0,
            "count": 4
        },
        "MoveToBall.IsTraining.sum": {
            "value": 1.0,
            "min": 1.0,
            "max": 1.0,
            "count": 4
        }
    },
    "metadata": {
        "timer_format_version": "0.1.0",
        "start_time_seconds": "1657663748",
        "python_version": "3.8.9 (default, Jul 19 2021, 09:37:32) \n[Clang 13.0.0 (clang-1300.0.27.3)]",
        "command_line_arguments": "/Users/frankyan/MirrorTest/venv/bin/mlagents-learn --run-id=DemoRun --resume",
        "mlagents_version": "0.29.0",
        "mlagents_envs_version": "0.29.0",
        "communication_protocol_version": "1.5.0",
        "pytorch_version": "1.8.1",
        "numpy_version": "1.21.2",
        "end_time_seconds": "1657664011"
    },
    "total": 263.859452276,
    "count": 1,
    "self": 0.006768772000043555,
    "children": {
        "run_training.setup": {
            "total": 0.03511853400000009,
            "count": 1,
            "self": 0.03511853400000009
        },
        "TrainerController.start_learning": {
            "total": 263.81756497,
            "count": 1,
            "self": 0.2474879360005957,
            "children": {
                "TrainerController._reset_env": {
                    "total": 11.027088336,
                    "count": 1,
                    "self": 11.027088336
                },
                "TrainerController.advance": {
                    "total": 252.5011410669994,
                    "count": 12311,
                    "self": 0.23330472999614926,
                    "children": {
                        "env_step": {
                            "total": 208.68885972600177,
                            "count": 12311,
                            "self": 201.14497775600202,
                            "children": {
                                "SubprocessEnvManager._take_step": {
                                    "total": 7.393253989000341,
                                    "count": 12311,
                                    "self": 0.5565260579995073,
                                    "children": {
                                        "TorchPolicy.evaluate": {
                                            "total": 6.8367279310008335,
                                            "count": 9420,
                                            "self": 1.817832374001318,
                                            "children": {
                                                "TorchPolicy.sample_actions": {
                                                    "total": 5.0188955569995155,
                                                    "count": 9420,
                                                    "self": 5.0188955569995155
                                                }
                                            }
                                        }
                                    }
                                },
                                "workers": {
                                    "total": 0.15062798099940267,
                                    "count": 12311,
                                    "self": 0.0,
                                    "children": {
                                        "worker_root": {
                                            "total": 252.34828584499962,
                                            "count": 12311,
                                            "is_parallel": true,
                                            "self": 66.07200822100083,